date,tsla_close,spcx_close,tsla_pct,spcx_pct,daily_strength,cumulative,ma5,ma20,ratio,ratio_index
2026-06-12,406.43,160.95,,,,,,,2.525194,100.0
2026-06-15,411.15,192.5,1.161332,19.602363,-18.441031,-18.441031,,,2.135844,84.581382
2026-06-16,404.66,211.39,-1.578497,9.812987,-11.391484,-29.832515,,,1.914282,75.807307
2026-06-17,396.38,191.82,-2.046162,-9.257766,7.211604,-22.620911,,,2.066416,81.83198
2026-06-18,400.49,185.0,1.03688,-3.55542,4.5923,-18.02861,,,2.164811,85.728487
2026-06-22,405.05,154.6,1.138605,-16.432429,17.571034,-0.457577,-0.091515,,2.619987,103.753878
2026-06-23,381.61,156.11,-5.786941,0.976711,-6.763651,-7.221228,2.243961,,2.444494,96.804206
2026-06-24,375.53,154.54,-1.593246,-1.005706,-0.58754,-7.808768,4.404749,,2.429986,96.229664
2026-06-25,375.12,153.0,-0.10918,-0.996501,0.887321,-6.921447,3.139893,,2.451765,97.092125
2026-06-26,379.71,153.23,1.223607,0.150324,1.073283,-5.848163,2.436089,,2.47804,98.132635
2026-06-29,411.84,164.19,8.461722,7.152651,1.309071,-4.539092,-0.816303,,2.508313,99.33151
2026-06-30,420.6,170.86,2.127042,4.062366,-1.935324,-6.474415,0.149362,,2.461665,97.484169
2026-07-01,425.3,157.54,1.117447,-7.795861,8.913307,2.438892,2.049532,,2.699632,106.907893
2026-07-02,393.45,162.0,-7.488826,2.831031,-10.319857,-7.880965,-0.191904,,2.428704,96.178893
2026-07-06,419.77,160.42,6.689535,-0.97531,7.664845,-0.21612,1.126409,,2.616694,103.623463
2026-07-07,402.9,149.47,-4.018866,-6.82583,2.806964,2.590844,1.425987,,2.695524,106.745222
2026-07-08,394.06,148.3,-2.194092,-0.782765,-1.411327,1.179516,1.530786,,2.657181,105.226812
2026-07-09,406.55,152.16,3.169566,2.602832,0.566733,1.746249,-0.138529,,2.671858,105.808039
2026-07-10,407.76,145.3,0.297632,-4.508412,4.806044,6.552294,2.886652,,2.806332,111.133305
2026-07-13,394.76,139.14,-3.18815,-4.239507,1.051357,7.603651,1.563954,,2.837143,112.353441
2026-07-14,396.18,136.08,0.359708,-2.199222,2.55893,10.162581,1.514347,0.508129,2.911376,115.293137
2026-07-15,394.46,135.27,-0.434146,-0.595236,0.16109,10.32367,1.828831,1.438235,2.916094,115.479975
2026-07-16,391.06,131.11,-0.861936,-3.075333,2.213397,12.537068,2.158164,2.118479,2.982686,118.117106
2026-07-17,380.84,123.99,-2.61341,-5.430557,2.817147,15.354214,1.760384,1.898756,3.071538,121.635718
2026-07-20,369.57,119.85,-2.959245,-3.338979,0.379733,15.733948,1.626059,1.688128,3.083605,122.113565
2026-07-21,378.93,123.54,2.532669,3.078851,-0.546182,15.187766,1.005037,0.782267,3.067266,121.466524
2026-07-22,374.01,115.26,-1.298388,-6.702282,5.403893,20.591659,2.053598,1.390644,3.244925,128.501982
2026-07-23,319.69,118.24,-14.523677,2.585455,-17.109133,3.482527,-1.810908,0.564565,2.703738,107.070508
2026-07-24,313.03,115.07,-2.083269,-2.680986,0.597717,4.080244,-2.254794,0.550085,2.720344,107.728118
2026-07-27,309.22,113.5,-1.217135,-1.364387,0.147252,4.227495,-2.30129,0.503783,2.724405,107.888943
2026-07-28,307.44,116.41,-0.575642,2.56388,-3.139521,1.087974,-2.819958,0.281353,2.64101,104.58642
2026-07-29,298.32,112.55,-2.966431,-3.315867,0.349436,1.43741,-3.83085,0.395591,2.650555,104.964416
2026-07-30,308.85,112.2,3.529766,-0.310978,3.840745,5.278154,0.359126,0.141963,2.752674,109.008407
2026-07-31,311.21,108.37,0.76412,-3.413542,4.177662,9.455817,1.075115,0.866839,2.871736,113.723357
2026-08-03,322.08,114.53,3.492817,5.684226,-2.191409,7.264407,0.607382,0.374026,2.812189,111.365253
2026-08-04,327.35,125.33,1.636246,9.429846,-7.793601,-0.529193,-0.323433,-0.156002,2.611905,103.433812
2026-08-05,321.55,108.27,-1.771809,-13.612068,11.840259,11.311065,1.974731,0.506577,2.96989,117.610365
2026-08-06,319.53,114.92,-0.628204,6.142054,-6.770258,4.540808,-0.147469,0.139728,2.780456,110.108603
2026-08-07,328.58,133.11,2.832281,15.828405,-12.996124,-8.455316,-3.582227,-0.75038,2.468485,97.754249
2026-08-10,330.88,138.74,0.699987,4.229588,-3.529601,-11.984917,-3.849865,-0.979428,2.384893,94.443928
2026-08-11,332.81,133.29,0.583291,-3.92822,4.51151,-7.473406,-1.388843,-0.881799,2.496887,98.878994
2026-08-12,327.51,146.15,-1.592497,9.648137,-11.240633,-18.71404,-6.005021,-1.451886,2.240917,88.742365
2026-08-13,339.96,141.29,3.801405,-3.325351,7.126756,-11.587283,-3.225618,-1.206218,2.406115,95.284362
2026-08-14,342.27,140.0,0.679491,-0.913011,1.592502,-9.994781,-0.307893,-1.26745,2.444786,96.815749
2026-08-17,339.3,146.23,-0.867736,4.449997,-5.317733,-15.312515,-0.66552,-1.552323,2.320317,91.886688
2026-08-18,336.87,143.34,-0.716178,-1.976338,1.26016,-14.052355,-1.31579,-1.462006,2.350147,93.067954
2026-08-19,351.12,139.65,4.230119,-2.574301,6.804419,-7.247935,2.293221,-1.39198,2.514286,99.568018
2026-08-20,345.13,134.0,-1.705967,-4.045825,2.339858,-4.908078,1.335841,-0.41953,2.575597,101.996001
2026-08-21,362.86,136.97,5.137189,2.216419,2.92077,-1.987307,1.601495,-0.303378,2.649193,104.910472
2026-08-24,348.95,135.0,-3.833427,-1.438272,-2.395155,-4.382463,2.18601,-0.430498,2.584815,102.361036
2026-08-25,350.25,137.95,0.372543,2.185183,-1.81264,-6.195103,1.57145,-0.364154,2.538963,100.545276
2026-08-26,345.82,139.63,-1.264809,1.217838,-2.482647,-8.67775,-0.285963,-0.505758,2.476688,98.079126
2026-08-27,354.81,140.87,2.599615,0.888054,1.711561,-6.966189,-0.411622,-0.612217,2.518705,99.743034
2026-08-28,348.75,141.5,-1.707956,0.447224,-2.15518,-9.121369,-1.426812,-0.928859,2.464664,97.602962
2026-08-31,367.95,143.69,5.50538,1.547705,3.957675,-5.163694,-0.156246,-0.621405,2.560721,101.406897
2026-09-01,356.09,142.23,-3.223268,-1.016081,-2.207187,-7.370881,-0.235156,-0.342084,2.503621,99.145681
2026-09-02,357.01,140.71,0.258365,-1.068684,1.327049,-6.043832,0.526784,-0.867745,2.537204,100.475606
2026-09-03,376.37,149.74,5.422813,6.417453,-0.99464,-7.038472,-0.014457,-0.578964,2.51349,99.536501
2026-09-04,354.08,147.95,-5.922366,-1.195411,-4.726955,-11.765427,-0.528812,-0.165506,2.393241,94.774531
2026-09-08,368.16,153.47,3.976507,3.730993,0.245514,-11.519913,-1.271244,0.02325,2.398905,94.998847
2026-09-09,367.81,147.55,-0.095069,-3.85743,3.762361,-7.757551,-0.077334,-0.014207,2.492782,98.71645
2026-09-10,363.56,148.18,-1.155488,0.426967,-1.582455,-9.340006,-0.659235,0.468702,2.453503,97.160949
2026-09-11,365.44,151.21,0.51711,2.04482,-1.52771,-10.867716,-0.765849,0.035978,2.416771,95.706355
2026-09-14,358.97,148.15,-1.770469,-2.023684,0.253215,-10.614501,0.230185,-0.030986,2.423017,95.953704
2026-09-15,356.58,143.49,-0.665798,-3.145453,2.479655,-8.134846,0.677013,0.358883,2.485051,98.410295
2026-09-16,358.08,150.88,0.420663,5.150184,-4.729521,-12.864367,-1.021363,0.059399,2.373277,93.983926
2026-09-17,366.2,154.81,2.267657,2.604714,-0.337057,-13.201424,-0.772284,-0.297674,2.36548,93.675188
2026-09-18,364.27,152.71,-0.527041,-1.356496,0.829455,-12.371969,-0.300851,-0.373195,2.385371,94.462866
2026-09-21,375.3,151.85,3.027974,-0.563159,3.591133,-8.780836,0.366733,-0.339676,2.471518,97.874366
2026-09-22,378.9,154.72,0.959234,1.89002,-0.930785,-9.711622,-0.315355,-0.266458,2.44894,96.980264
2026-09-23,380.12,148.36,0.321985,-4.110652,4.432637,-5.278985,1.517076,0.045806,2.562146,101.46333
2026-09-24,377.94,148.03,-0.573501,-0.222433,-0.351068,-5.630053,1.514274,0.152385,2.553131,101.106331
2026-09-25,372.11,148.68,-1.542577,0.439096,-1.981673,-7.611726,0.952049,-0.032277,2.502758,99.111493
2026-09-28,357.45,145.47,-3.939688,-2.158994,-1.780695,-9.392421,-0.122317,-0.013553,2.457208,97.307675
2026-09-29,352.84,149.24,-1.289695,2.591603,-3.881298,-13.273719,-0.712419,-0.405501,2.364245,93.626282
2026-09-30,354.81,150.86,0.558327,1.085497,-0.527169,-13.800888,-1.704381,-0.3215,2.351916,93.138013
2026-10-01,354.11,148.07,-0.197292,-1.849392,1.6521,-12.148788,-1.303747,-0.305248,2.391504,94.705739
2026-10-02,370.59,158.96,4.653924,7.354629,-2.700704,-14.849492,-1.447553,-0.390551,2.331341,92.323241
2026-10-05,378.73,171.09,2.196501,7.630844,-5.434342,-20.283835,-2.178283,-0.42592,2.21363,87.661788
2026-10-06,380.68,171.92,0.514874,0.485126,0.029748,-20.254087,-1.396074,-0.436709,2.214286,87.68774
2026-10-07,377.81,167.6,-0.753913,-2.512792,1.758879,-18.495207,-0.938864,-0.536883,2.254236,89.269816
2026-10-08,375.0,160.57,-0.743759,-4.19451,3.45075,-15.044457,-0.579134,-0.285223,2.33543,92.485162
